amount_usd,date,lookalike_address,intended_address
100,2025-11-20,0xdbfaa66be7a1463304caa72d3f1d7025000580da,0xdbfa1702f1721580507c2f2c3d961e5c5fc780da
150,2025-11-20,0x62c8da4101719f3f00d9de124cf156720039d494,0x62c84de317794a1a6ff3487d3fd51e20c314d494
132.99,2025-11-20,0x053d503a7677821e4732a11b1f3de54c981e37e6,0x053d23e27a5e86e898e56bf1530b761fff8737e6
200,2025-11-19,0xd6e7c5a5f85ae1fb209bd48e776e37fdf9da6ef6,0xd6e7e0d2d143a180710a1e31f5c07e623ddc6ef6
500,2025-11-19,0xefe2cb3d14aea4b00c09b35d3e98edf815e4ca25,0xefe2e3bb8f872494934bdda81b6f55d67e55ca25
500,2025-11-19,0x54d0e58c2b844cf2775fd9ef6aa7fb98b8c04c23,0x54d0859c49ba2a42509edb856358b6696e624c23
94232,2025-11-19,0x5c2668c57350c2af38e296fae9d5cbc8a7a3dc37,0x5c24023c852e21827f181765245390f010a3dc37
300,2025-11-18,0x4b8b9798f61b075d3b0902e554e66942362f7aad,0x4b8baa82f862101e1fb1079e92664a179a9b7aad
2500,2025-11-18,0x991c688517ebab055af5e8a0180e7487a485b513,0x991c93bf7e7e1498e5487f36d01ae386174bb513
5000,2025-11-17,0x94da09c55db11f8bf207262734507a6c20495673,0x94da339755c58c825e67bbafeedf9e2102a55673
3000,2025-11-17,0x8d56a36fc50255b0010179a8cc3804990a30b55d,0x8d56a37d0fd42a397e7b5672233cdf86a411b55d
539.12,2025-11-17,0x6a3bd039180d25008c5483cd54b69ecf52b70549,0x6a3b6389c44e113a749a3d63bc274c22f8bc0549
50,2025-11-17,0xe72a8c75f589c6d16f0db4c946f78daf60d8d4b8,0xe72a102a3c2289d94e2ee97c8f8f0fa328d0d4b8
1020,2025-11-17,0x2c4a5fbac0a53e7bd04ec98dee07beab7fc27407,0x2c4accaea59c852b7cf7ec8e87a79e2b07587407
1003,2025-11-17,0x2c4a5fbac0a53e7bd04ec98dee07beab7fc27407,0x2c4accaea59c852b7cf7ec8e87a79e2b07587407
12,2025-11-17,0xb022553f9f05c89b5aa07690824f54a06f44de10,0xb02286791680418afbe49a2e8b84976959e7de10
230,2025-11-17,0xc427c74b0db98ac1c8e281b7b9d9f067a6e48ed9,0xc427d43f99b4ad901358e46c8a4704e44ca48ed9
12,2025-11-16,0xb022553f9f05c89b5aa07690824f54a06f44de10,0xb02286791680418afbe49a2e8b84976959e7de10
1000,2025-11-16,0x68d886b640b45d5a180e4dc18757c3132ee19c3f,0x68df1cf8039ebc2badbb77ecc5a65f8e7ce19c3f
800,2025-11-15,0xdfdeebb10910f937b6adf916f2a8ab42ca2cccbb,0xdfde56ead212371c0b743081c1700e94d2acccbb
500,2025-11-15,0xc903a191039ac49b51c80e78995e5f4425dcd88c,0xc9031ff33cfa154261246cbdd7b4dbea8ff1d88c
1000,2025-11-14,0x869f3ae3fd035034d10700b229a8f4b7af895902,0x8690895918e55eb58560407758348a61f3895902
102734.02,2025-11-14,0x9e2c214e0f1ab3e51309261368569748bc052d82,0x9e2c7788df778f754065e091a1ba86a1d7292d82
805.15,2025-11-12,0xc1bcc1b236072b28d4e3a5e669622ea97e1a29c7,0xc1bce14b4a6d7fd0d8c6680509d1be230d9429c7
140000,2025-11-12,0x766eb14aebbb042a9f6c831f1a823e21bef5b485,0x766e11139df17f63c78d1618c180b7444a19b485
1000,2025-11-12,0x10d2035fb47cf27b296782d2baee5cc3427f19b5,0x10d287e6ec79d817f39cf2beb3645e28189119b5
11000,2025-11-12,0x2cee0e0c26b885af57a6a585ca9fcd955ea465b4,0x2ce9f34dbf09df1e04c47467b7d966e51ca465b4
2000,2025-11-11,0x85d6dd296b50ae78c1ff2da0c6849aed4d5a1290,0x85d6c4660494e6b80c794cf3beb2a059d54f1290
144008.51,2025-11-11,0x040e073403d4ccf9ef62850be3a67f7344df1894,0x040e9fbfe38000d4397f866a958b8fcc77b31894
2500,2025-11-10,0x171d6fe0f80895499ff3b4ec5cd97f14dfa3cc98,0x171dd8d446ff41afec4ba53422ea18e97ca6cc98
288.45,2025-11-10,0x992ef7d12e63e6d7e0178b33b17e6a26cc61166e,0x992eb3754988469be5299b0feb74d8612f3d166e
3000,2025-11-09,0x13a6a3d11bf60ffdde63ea4e7d27e09426d08e6e,0x13a667ce340b00ddcb72f6b6d5dce10db7818e6e
100.02,2025-11-08,0xb0d23692f28998cfb1457994119c2762bb91b612,0xb0d2cf06574185a684a1a7561149ce86900db612
45,2025-11-08,0x98bee55bb131e4603ac9ee1f5357feb49af63b6e,0x98be8fd61ed21f02673ae4b1124802d6fe7e3b6e
1373.28,2025-11-08,0x4bc35d199ca4f77e525128cb69bd6ffcd605ec9b,0x4bc3bea9b72d0938f600349b773742afb6a4ec9b
200.04,2025-11-08,0xb10dd90e9034db8478b608236e8abec467cdec30,0xb10d2c1d415a19fc6f26abc40aa38205fab3ec30
50.01,2025-11-08,0xb0d23692f28998cfb1457994119c2762bb91b612,0xb0d2cf06574185a684a1a7561149ce86900db612
1995,2025-11-06,0xf853a7f10dae77ed0f56e18ebb12c4378d1a7c68,0xf853610fde2b841680787915b038e5ba63107c68
60,2025-11-04,0x4c6dc9b1241a22427b43aeba1cc2d6b28683cbcf,0x4c6d28336328e7b6150f386a572654a50f15cbcf
20949.91,2025-11-03,0x2476f6231799355a73d13d685cbfb404f93ea33f,0x2476a91156c907ad022b9b920fe8a8c198c7a33f
100,2025-11-03,0x422f5756c3c7a08851a448233ebd1ab54b72317a,0x422f90113b40b4a77bbd76ae3152f9ceb9c2317a
1256321,2025-11-02,0x1eb810999c0ab30d9a002e0e4fa6ee8a05d6e26c,0x1eb855a6a1b489a006beaaf3910bd98b832ae26c
500,2025-11-02,0x0c504fea4f6ecd00ecdbf35478aa5f4d63a29357,0x0c5083bbfe9d8bd12646d4916e78a88407c89357
200.03,2025-11-01,0x422f5756c3c7a08851a448233ebd1ab54b72317a,0x422f90113b40b4a77bbd76ae3152f9ceb9c2317a
200,2025-10-31,0xc646d38bece96511b03cb9a72d4376706fc887ed,0xc646e7aaa71e282f6c8a5e43b295c44dab3587ed
1000.1,2025-10-31,0xc646d38bece96511b03cb9a72d4376706fc887ed,0xc646e7aaa71e282f6c8a5e43b295c44dab3587ed
1158.68,2025-10-30,0x9b33e047261dc57209cdb208eefce9d7526051d7,0x9b331340f9e975eebf24ef771317d7e630a651d7
1889.13,2025-10-29,0xb2c68c875a651aec9151fa6ab00aa1288a8a917c,0xb2c64260875c6a5302cc8e4242bd6260148a917c
48571.21,2025-10-28,0x69510796a36e4c4f631ee018ecdeeaad03cc4c95,0x69517c56480a0025be24041f2f00db9edfb64c95
1250,2025-10-27,0xee063cd6557e0c0f68854aabcd1696e833925162,0xee0607595d0dba73623c9b182d019b9d18725162
50,2025-10-27,0xd617e0695e34690f09ae594a6537e605cdde280e,0xd61c0e4be6016c75d4ffcb1a6fb98d0a51de280e
50,2025-10-27,0xee063cd6557e0c0f68854aabcd1696e833925162,0xee0607595d0dba73623c9b182d019b9d18725162
6160,2025-10-26,0xa7dcc17e257206d408fc7f68705019cf3ed1d45c,0xa7dca3c68dd54762512633efc5f59cf6a3e1d45c
1000,2025-10-25,0x535ba0f523ca92612e49b0fb68ae2c050b262b68,0x535b953e8b94baffe39a1f6471e5de5bfccb2b68
1000,2025-10-25,0x8932edce33c160cbe2cea351d511c12598ceb188,0x8932995fbd67354aa9ab4b444a1c649630b4b188
100,2025-10-24,0xce03603efe737aff6e7ff209b62f988505fbfe0d,0xce037b7cac29ee55fa32e51dc34373741b8afe0d
100,2025-10-24,0xce03603efe737aff6e7ff209b62f988505fbfe0d,0xce037b7cac29ee55fa32e51dc34373741b8afe0d
50,2025-10-24,0x323944686bc6579ed0633d2e1ffad29890237d9c,0x323936e9e3c290e373d714e003e8110030f27d9c
500.06,2025-10-23,0xdd858674524e48904a59c209368b7da7ce56bb9d,0xdd85954b81d84b40cd578ebb40aa3e5763f6bb9d
130,2025-10-23,0xc1098cbb78f2f28ac59b55800c259ab274211bf9,0xc109c349b62d1879a8b960bc278ebff8a69d1bf9
1000,2025-10-23,0xd86be08b191cc24ed0e18247e5f9568b7e539936,0xd86b466d0651987a1068eba685d62490bed89936
50,2025-10-22,0x05456706b5e69f01f05dc14119fe66121a49ae0c,0x05460ca1f1f3cfc424356dcae3b1a2b4a549ae0c
20,2025-10-22,0x05456706b5e69f01f05dc14119fe66121a49ae0c,0x05460ca1f1f3cfc424356dcae3b1a2b4a549ae0c
50,2025-10-22,0xc1098cbb78f2f28ac59b55800c259ab274211bf9,0xc109c349b62d1879a8b960bc278ebff8a69d1bf9
1166.01,2025-10-20,0xfb1c0eae56cc82f6baf1e8adf0fe5a8afdf10147,0xfb1c03b153f9e667ce698346aa1ee38bcc2a0147
99900,2025-10-19,0x1185c3c92e4d390684db062ccd58d30073a865c4,0x11856e9e86890c1159caccb0ddb02cd0659865c4
7000,2025-10-19,0xd92cbbde5ac43fec388cc54a41371c48b4fecb94,0xd92c1829c994169078680ec44c04905fbbc1cb94
112.96,2025-10-18,0x1a07d05746136231dafa7853b861706097d90d47,0x1a0719bc50b4f26ab73aeb4f6a9b20fe1aa10d47
800,2025-10-17,0xf594c709263509d039e3cafed631418805e51304,0xf59469e23f381c0797a0b9d65441b6b469a71304
1136.5,2025-10-17,0x25d6d76716d7f6ec584d3212ceef6ac686690682,0x25d66815849a852225adb015cfb2bac3fe040682
35,2025-10-14,0x20e82ecb231cd7d906925a75a12e7d8ab3ae5f5b,0x20e894228b1498bd328a72a256195b8203ae5f5b
3000,2025-10-12,0x6bc324dfb420d86cf549add0e6f43176bac6a534,0x6bce0fe8b43bac5277b56b2690510b6c89c6a534
1500,2025-10-12,0x6bc324dfb420d86cf549add0e6f43176bac6a534,0x6bce0fe8b43bac5277b56b2690510b6c89c6a534
200,2025-10-12,0xe7c2b17acab51acbeb5a53b9248531e34f27d4a2,0xe7c233e9703e2a21c1e221413836fc58b8eed4a2
101,2025-10-12,0xa0addf8e1b1f82a524ddd371c8ef9cabecdf6a91,0xa0ad6ea3bbae3da562c792287a77c2573d486a91
4139,2025-10-11,0xf03d3b0ec3c8be7db8edd15e707abbe0802a0f26,0xf03db3554fb38b51629555924513c0793fef0f26
790,2025-10-10,0x4e78fed390cbfc5ceaddf668faaf68f73408e66e,0x4e787cfe277f3759bc9411e69f9906f7feb2e66e
1000,2025-10-10,0xb5b2f9ad420adbeafedfff47d560023841c798f9,0xb5b2e9115e0cdeb3cc445e959b40156f7b1698f9
100,2025-10-09,0xe17d5ec48b844dcbdc58afe87a0487da6ac041f7,0xe17d7c6094865c0e59cf67634bafae5412ec41f7
27735.6,2025-10-09,0x9557d9b48726d31f08451b5b7f03a5872c1e8500,0x95574a5ca500903b0d9cd344b2389c2519fa8500
14.34,2025-10-08,0xbbe3dc2674059434f8531077a222bb4a88f7b17c,0xbbe31985d042301067dce3e31d058f84469db17c
71.71,2025-10-08,0xbbe3dc2674059434f8531077a222bb4a88f7b17c,0xbbe31985d042301067dce3e31d058f84469db17c
19125.36,2025-10-08,0x31c01cce346eb3479d7b71137ea77acc718d8c49,0x31c456419c31f2da547778bf742e31e30e8d8c49
2997.81,2025-10-07,0xfd2b095d278416a011dc564e54cb10ead0b9461f,0xfd21966b2b3303bc56adfa37da413a9d99b9461f
100,2025-10-07,0xf620714bd7d8f5b1c2f272d348ea53b3157e2bd6,0xf6209d0b99167fbd093d6c0b66f2d4e4988f2bd6
6000,2025-10-07,0xc88645403c1e5bacb083032f486b64f2ecf1c239,0xc886c23e78dec0211a2664c75311a7c67864c239
600,2025-10-06,0x9dc84c2e4a97fa35c2533deddb559d739a6b23d3,0x9dc8c064b885b1f6d0294e11a638fb46fa6b23d3
120,2025-10-06,0xae7e9a09fa5166273870f975220f1504570a955b,0xae7e714ffdfa3d39d3f7f40b3ab3ed07e2ec955b
55.15,2025-10-04,0x291ef2380f2efcc78906b1f87516e959d011a3d8,0x291ee0f4c2596259424411b5a41703c4693ba3d8
1670,2025-10-04,0xb2ef830e2042a4aeccbed10232818586347148cd,0xb2ef17737c309688f57c8fc8d0bf763934d848cd
300,2025-10-03,0x59ef63ec1e196d90f5ce6c76c10b09069a80c78e,0x59ef5dacd329f2bb6b143b0f6b23cfd9236dc78e
11498.5,2025-10-03,0xb8ab2e24f3792d2f526b5243182fa17d8df8d3cc,0xb8ab437bd731c7b404264ca28db6b0c14f03d3cc
494.23,2025-10-02,0xca2094e397a6bcafd66beac9cc37180813da8b95,0xca20093dcfb0fb40a432f4bd1d93dbe2c6858b95
767.88,2025-10-02,0xdae42596145b9cb835e628f129a6dd2ae5809dc4,0xdae4afe760e1026c4ef17b0204454cf9774b9dc4
3207.96,2025-10-02,0xdae42596145b9cb835e628f129a6dd2ae5809dc4,0xdae4afe760e1026c4ef17b0204454cf9774b9dc4
207,2025-10-02,0x63028faae1d71d33bce29d44842ffa051007c0f5,0x63023a60cdb89b43cb1f5b390e2a8060de97c0f5
100.03,2025-10-01,0x69b786c7bb50c098545691b197c7d16f00738afd,0x69b7d375af5c8f440c698615e0e2b309fd1d8afd
1721.15,2025-10-01,0xdae42596145b9cb835e628f129a6dd2ae5809dc4,0xdae4afe760e1026c4ef17b0204454cf9774b9dc4
494.95,2025-10-01,0xdae42596145b9cb835e628f129a6dd2ae5809dc4,0xdae4afe760e1026c4ef17b0204454cf9774b9dc4
1000,2025-10-01,0x5e354ccdf097ead6ac9691c6d78210cfd6a6b5e8,0x5e357c11a6dc2175a9e6b05c13d066854ff6b5e8
191.47,2025-09-30,0xdae42596145b9cb835e628f129a6dd2ae5809dc4,0xdae4afe760e1026c4ef17b0204454cf9774b9dc4
774.31,2025-09-30,0xdae42596145b9cb835e628f129a6dd2ae5809dc4,0xdae4afe760e1026c4ef17b0204454cf9774b9dc4
1734,2025-09-30,0x59c785850eb1ad5f1b66c43b243180c2b237f499,0x59cab949152a75f3cc18b6a90c2c9ca7ca37f499
4210,2025-09-29,0x1c78d7541d46cbc50930a85b334e0a6380d48710,0x1c7871bafe9da3832e26d2793281436c12598710
2898.18,2025-09-29,0x1c78d7541d46cbc50930a85b334e0a6380d48710,0x1c7871bafe9da3832e26d2793281436c12598710
12895.68,2025-09-29,0xd867fa0828829d66df5186b5136ce77491bde917,0xd86656e6a7ed276c8a463bcba7f8595083bde917
25000,2025-09-29,0xd867fa0828829d66df5186b5136ce77491bde917,0xd86656e6a7ed276c8a463bcba7f8595083bde917
25000,2025-09-29,0xd867fa0828829d66df5186b5136ce77491bde917,0xd86656e6a7ed276c8a463bcba7f8595083bde917
3508.71,2025-09-27,0x2ed97f21448074892c0822e0c2d9137fe1a419a9,0x2ed94b96649726915f3f5bea0bc88885424719a9
7400,2025-09-27,0x58db48556b83fd44b37c3ca0144d957e7c8a4c0c,0x58de0889f6abddf6c47456ac6b2e38b2838a4c0c
700,2025-09-26,0x6fa4cc6d32653cdc1bade35416140fce8110a999,0x6fa48cd62252d26a83a4bcc98209d4da9e6ea999
20,2025-09-26,0x4d90abfbce15fb0981b7aeea417a16fa9fccc237,0x4d9844755c56876baf116dc614aa0a01f4ccc237
1000,2025-09-26,0x1c78d7541d46cbc50930a85b334e0a6380d48710,0x1c7871bafe9da3832e26d2793281436c12598710
530,2025-09-25,0x1c78d7541d46cbc50930a85b334e0a6380d48710,0x1c7871bafe9da3832e26d2793281436c12598710
1300,2025-09-25,0x1c78d7541d46cbc50930a85b334e0a6380d48710,0x1c7871bafe9da3832e26d2793281436c12598710
350,2025-09-25,0x802c3f9f359a2abdb562ee2fe8ec7b8ef6dd3a3a,0x802c6a502aee36d68e2b610efcf82b8739993a3a
35000,2025-09-24,0x08614445574aebbfd0775b1ef85d130c5f0a763f,0x08614ce537a2dea4d4150ee55fb7ff9acfea763f
1000,2025-09-24,0x5decd22339069012231d702cfac63b95e30ef462,0x5deceb3ac4d5fdef7d1a1220cd6d9136f2dcf462
500,2025-09-24,0x11900e59f9edbdacbb484228574ccc991c5b80bd,0x119341067e904e65af2018d8fc345c30aa5b80bd
65000,2025-09-23,0xe705e039a49b90e0fd28c5a25a71df835fb6b900,0xe705f85386c8ad265affcbe3d82ad43965b6b900
1000,2025-09-23,0xe8ffb0d3548ae0ed1ba93d9ec507fd0f2bd33008,0xe8ff517426b7908cd30ad14722f1c44415743008
100,2025-09-23,0xd30037fed987bb282af1948ea509884bb38f922d,0xd300c8acf41b5429db773d309569ee695338922d
17809,2025-09-23,0xdb0f015dca68ebc431abc9f5ef4a253e704d7b4d,0xdb0fc31b6e6d433ac54d677b1f50165b08a57b4d
1000,2025-09-23,0x5c7e396df2e6ac767063d0a731fe4001417e1f65,0x5c750d4f723aeffd7ce8e71d4ba8bcb68f7e1f65
33500,2025-09-22,0xdf67dd76b0d1650e93d288346db1b67e753f4ad6,0xdf6709d84cb14c7296a46340ac8cdd3b11274ad6
2212.37,2025-09-21,0x5a780af31f118b70bf700efa5bce23764f6dd67c,0x5a7ff2a8cccbe2ad447b66cce57467d9596dd67c
30,2025-09-21,0x89e5dd1873ccd352be4d69e26894c7f4c98c9636,0x89e593777b4981dc79c24e425a6dbd61d6859636
6208.99,2025-09-20,0xb3f3d131ffb18b17ab9421fefb65cb28979a9b25,0xb3f3c103cd5280a469a898c424678608ce9a9b25
2500,2025-09-20,0xb3f3d131ffb18b17ab9421fefb65cb28979a9b25,0xb3f3c103cd5280a469a898c424678608ce9a9b25
50,2025-09-20,0x89e5dd1873ccd352be4d69e26894c7f4c98c9636,0x89e593777b4981dc79c24e425a6dbd61d6859636
41326,2025-09-19,0x7a8b9ae9c95eac6c296d978e801442828d168d50,0x7a8f54089bb8f188d6ef897759c7adac48228d50
100,2025-09-18,0xd0238805e7e80750f65205df9f160839d6abd18c,0xd0231505854a93893e9a92a3d856ae2b3ecfd18c
11671.73,2025-09-18,0x53c058ab10d91a95794176f00cb518ac8fd775d4,0x53c0a06a7da197b0aa43a10b4e97db49d44875d4
700,2025-09-18,0x04aa9b7a7c4bd12cab371b99ff17bc9e4096e059,0x04aad9405dc1a0d9466ac4c99dffa1891229e059
10976.59,2025-09-18,0xd80d068e42f8a4b9855e975b9a84f2ce90c5c9c1,0xd80f53d2d7a79cbb665a5b858b77341778c5c9c1
1998.89,2025-09-17,0xd718e3d3ec42316ebbb240a4e7b28908310fd38e,0xd7184da7e8da8ae42b6f19af8a947029b437d38e
2600,2025-09-17,0x1dcf4bf62c1d2937aecee925c8699931f3df3acc,0x1dcf72073df977dacdf9004e53cdb897cf203acc
207.68,2025-09-16,0x5e646e909e2b0df84692f847883f694c38f7e379,0x5e64879ac84c0a3e33f3c63a1f6cb23fc66be379
10501,2025-09-16,0x107efacb18ca89cdb8e37c2936658ad30cf758b1,0x107e74b7c2b011fcb231d0da72dfc2d71a2e58b1
596,2025-09-15,0xce6bc6185f1615a4e08fc484ad1218c363d229e9,0xce6b3cef1e6ac541552bb1e5a61a62d0b9c829e9
150,2025-09-15,0x4333fa549283c8cda4489e20d397a52e243dc654,0x433341b6de50007605576d9e1e48e48f388ac654
160529.72,2025-09-13,0xbf1501aae8a4dd4538833abc0e887eba0ffa5ab1,0xbf151ccd20affab588588d83a4d50fd42efa5ab1
200,2025-09-12,0x83eed99fca7504127500775894755281c39cb2dc,0x83ee3c3e8b465b9aba27a658cbd52750e0dcb2dc
246,2025-09-12,0x2abe5103fa520d3126da87a2482675d4e835c035,0x2abee52846d52c50bfb17971eba34a751657c035
1389.32,2025-09-12,0xb68d97fe7b84549d2e7719c398203d94a3f95002,0xb68dfdc3967d0def97aa15795b715331c5c65002
852,2025-09-11,0x57d1b836691244399950ebc68bfe86ebff5c84b1,0x57d16ab1a620bd99c32f1b1ec7d09d49cbd184b1
2555.17,2025-09-10,0x80541697261cef383953486865c6e44be928cd98,0x8054f3f31301d5cf0ba1bc9b3635bf563082cd98
14.87,2025-09-09,0x83d514b4b74fd5fa3a6f0bedb25c265c58c7f715,0x83d5ee489e9833027213a17094a1bbdae298f715
10,2025-09-08,0x73661840b685647182d80326983afd86ee46fba4,0x7366471450ea5cd537c46af7f2b11c2af584fba4
400,2025-09-06,0x1d6296215b4c6f80317c4b732692d3bcd59f86a1,0x1d62d27b8ff21aea5671dc5c028d950b91a186a1
580,2025-09-05,0xf62a2191d98264eea2767315e14c109a1232785a,0xf62a806676ef6b75f75ef48441a30e8b6265785a
950,2025-09-03,0x2f277e9869df41671b2561fd117664335f746b6c,0x2f275895142ba66db6d513ed270c38be96a76b6c
95,2025-09-03,0x5a98c4d468d52429fb2508d5f4b687061e49d979,0x5a98bf06f585bd78d5dfaa4cd3252aee4399d979
3500,2025-09-02,0xcf9619043c761c2fc557824ee8a1974445ff01ef,0xcf961ca8a03c8628b7e0dd089dab2a67451901ef
10000,2025-09-02,0x19c2640e85ab4b8c05bbbd883a34acebae5bf840,0x19c2da1f7e5d6f2e04e4933768fbf7be8304f840
19000,2025-08-31,0xc8115fcb46ac913114f6d5a19a8a009501047605,0xc811ed1a36854f8cbca760514cd26c45df147605
50,2025-08-31,0x194c0304ab59975449c61d3c137cfe3fba351c44,0x194cbbd0f689510eaba60f57386fa6deec9b1c44
20000,2025-08-31,0x8e98bff8ba624786f4b7e36380accc12b99294e9,0x8e988497e3ba24b593e6cade7f3fbe736ecd94e9
100.39,2025-08-29,0x0faacf7585b71d3af4a0794dbb402b5a32d24a06,0x0fa5954e13321536b7f530f59f57747ae0d24a06
1995.37,2025-08-29,0x0faacf7585b71d3af4a0794dbb402b5a32d24a06,0x0fa5954e13321536b7f530f59f57747ae0d24a06
1507.29,2025-08-29,0x812a4d2430d7d7cf6872fbe7795a9526bdc26e8f,0x812ae9394518660674ea794dba80d68a32436e8f
20000,2025-08-25,0xac5943ce9dbe4fd33957929b2034495d7e4c0c57,0xac5962bc0472615ab09bad1b12915d91ae640c57
50,2025-08-25,0xd7c7717cc263a39524f8cf736cc1a431d412b47f,0xd7c7a3e98461ca1393915b0d34616a7bfe89b47f
1087.05,2025-08-25,0x458115feb6b8e6d738bc7d9f9a61cf7a181a76c2,0x45812cc5898e1a847a651d23a5b53014a9c576c2
500,2025-08-23,0x2c29fed024db36fb13cae943a0f5628e9548c728,0x2c29c876e0b63fec18e5ea174ffbe4f03e60c728
250,2025-08-23,0x41abe58a5fafdd5e9cda775d06cfb77d6e0d2fd4,0x41ab0e700dbd0f1616b98adedaf86fba22382fd4
200,2025-08-22,0x763f8ecbc9350abf786915c425b3c89c718f10d2,0x763f42e0b820f04d79e058dbef058331b87e10d2
50,2025-08-21,0x99fa1e0f186053458c04bb0b2e75d11fd0a7ea30,0x99fac07bc02e27f60fddeb361b0593bc2246ea30
1904.54,2025-08-21,0xdae44e066cad2cd9406a8f4b9486496e20d69dc4,0xdae4afe760e1026c4ef17b0204454cf9774b9dc4
303.14,2025-08-21,0xdae44e066cad2cd9406a8f4b9486496e20d69dc4,0xdae4afe760e1026c4ef17b0204454cf9774b9dc4
40.33,2025-08-21,0x5080ae0792be10bae0ee6032c1b007d1354a64da,0x5080adebe862eb672416db09c6f7851b0b7d64da
20000,2025-08-20,0x9fd3782d3a0ff59a4a8455db90f453b83639a678,0x9fd3a493f55dcb13e1ff8bcdc6eeda870252a678
50,2025-08-20,0x5080ae0792be10bae0ee6032c1b007d1354a64da,0x5080adebe862eb672416db09c6f7851b0b7d64da
23,2025-08-20,0x5e9f1369969b2b77cd629a081ae78e53ca6a2a57,0x5e9f1861c226e7dbaf15469672e86785b0502a57
200,2025-08-19,0xf831ce061d8206f9c52069b8b1b3862f4c7496da,0xf832fbdb2f00a43fbf932a5febea59076d5896da
2000,2025-08-19,0xc8f0c8c30fda04461a11991ebd6e49574714f96c,0xc8f0bfe2ca98c5a20a6c16ea0ae06cdc8123f96c
150,2025-08-18,0x439383c6c2a748f347fe6139bd355ebc0146258c,0x439394b7de8779cbe3cb9392c399797927df258c
880,2025-08-18,0x1fbafc07f5b58bb59eea87828a55e13d698de556,0x1fba6023e421b63c6af98d1c60b7d5747a99e556
1851.94,2025-08-18,0x439383c6c2a748f347fe6139bd355ebc0146258c,0x439394b7de8779cbe3cb9392c399797927df258c
50,2025-08-18,0x385a4cdb73acba0fb27cd7c3469a0a8f9200d515,0x385a8c64c8f7eb7ce4facd544870f5d5c973d515
1000,2025-08-15,0x601184949ea58b3b538b1d625dd519cf6e0f6816,0x601e0aebd2dbb7b8edb8b5205f557010430f6816
500000,2025-08-15,0x5cd3e0337a8c8630b66cf779240b759f179db537,0x5cd36a85c1d6c1370a1911634e76e5d61c04b537
200,2025-08-14,0x74f1633911a0f33b767e6139d7a5fa073cae593f,0x74f123ece4b522152898d0cdb2a8c1df210e593f
4700,2025-08-12,0x84fc32249e09afcb10c5628f0be7c947fbb4b638,0x84fcef756858fc4dc68696f87b0157e8a0ddb638
660,2025-08-11,0xa23d42d2b620e01e0026e79d546ceabdd1b4672b,0xa23d8062a4e4ec4413d7f87db5e6d6d1479a672b
600,2025-08-11,0xa23d42d2b620e01e0026e79d546ceabdd1b4672b,0xa23d8062a4e4ec4413d7f87db5e6d6d1479a672b
530,2025-08-11,0x1bbbfbca51aaf328fdd82c7a6adaee9a6287b805,0x1bbb745df67211d0b235f6d58df77ac47f91b805
220020.6,2025-08-10,0x93dc0ba22ea86ac2dd9a0d40e9c4118ae77d2f42,0x93d2ca00ba592a24509df740af29273a5b7d2f42
15,2025-08-09,0xa6b23d806a2851ac2bcf64698c1e2f93f4dd3062,0xa6b276453816efdd658b28b00a77bb870c593062
8472.31,2025-08-08,0xc07688b113e58656c9d35ddfb27db0080d739235,0xc0765dd667fece3688b4b2586a0f737f68639235
6100,2025-08-04,0x26ada6c8888af3953b95881d9095e262e196ccc3,0x26adaa14a39064bc1b72093186a07ef02cc3ccc3
5990,2025-08-01,0xb2fcf2623962d51938268c118114dc2877f7ff85,0xb2fcf0f2df981b0833b4f6fe3b6cbf1aa93dff85
74950.02,2025-07-29,0x167c80cbf0d7fed6da342403ecbaa4f46fc5d734,0x1670e4dc942b602d41dbc292786c799417c5d734
3000,2025-07-22,0xfdf3c9336e6b7034d14f599beed333ab1e22f336,0xfdf35ef8f5112082220496a47cf0cf5d142bf336
7886.8,2025-07-21,0x7795ddeb331af8bc7cbd8b848a05366d85daa19c,0x779a8a82cf2d5910cf18fa348fe0274d37daa19c
25000,2025-07-21,0x25fa623ea0812f6e0b5611b497933376c7169edf,0x25fa06431225d7acb36d59de8b7cf57b609a9edf
10000,2025-07-17,0xc556bb5182d86e822bc50e2dd26a9a3533c52260,0xc55d62581ef305d7a17fd73faa7fb4dba5c52260
2800,2025-07-13,0xd97390b9d80f291256cf09cfe827ea3deea94596,0xd9736d9a50074933bd9477d32c2a2aad958f4596
5000,2025-07-10,0x7a84f6cdcb6f50e58b0a2b54c47768021abe4d96,0x7a84273409013d1017247bb724cba8fcdc244d96
5000,2025-07-09,0x3e13cd42a1948442d0fd69c1f96f04c27e3cdae4,0x3e17b29c9bf3c6c2fe2e5dfcef8f34a3063cdae4
500,2025-07-09,0xb17c21333729a326ab8de6cd93e55fd3bee707e5,0xb17c6dff24c73e6a3d1ea58a8bdbcd8df21407e5
100,2025-07-07,0xc5ccc0ef618c2d0334e66184f3aadfa737601752,0xc5cced46e18c60c84c4a731af624bd2755101752
999.15,2025-07-06,0xd6fc1f602f83e745c5b469b7aa82e78f02220142,0xd6fcf1b4b1efcbd5c12e1e766f628d51e3330142
67,2025-07-06,0x199cc9387ce5b4da0c680e025751ad584e06d37e,0x199cca09c5d15b9b0dc3e93f3db9747f82b4d37e
2000,2025-07-06,0xc047dd769c7c3f62deb6d1cb44754725f5c875e5,0xc0417f0c63ba6c7c97cca7ce7b16602084c875e5
150,2025-07-05,0x700a915469093e63c7c23e5c200c03d24f7779b6,0x700a44d4730c2eb64931cd252670fce9734079b6
5000,2025-07-04,0x67fb0bd78042bf5bfa8ac774114010d8c83bf1d0,0x67fb511599e814f01c2bb89099c33251e60bf1d0
100.01,2025-07-02,0x88bca48a13dfbd4932d8f85a5af9dd269e8c4f49,0x88bc8173a91a132a789c97b8c3dd3f0f467c4f49
25000,2025-07-01,0xe3193857b4ec0212edff8f99476e70d1863efc64,0xe312ed20d0cd0181769aef4f04cde4cb0f3efc64
1490.8,2025-07-01,0x789244ad2e2e4839a052162f6607cf2b66885510,0x78922fee5a06f014f02b29369a5753ec80c15510
237.29,2025-07-01,0x112303bfa298d8e3e59de873da9851eb2872683b,0x11238cb84b4a8b7a248f17bb1413d2e84e80683b
35,2025-06-30,0x7457de98483b9541834b27674b001a2a725991e3,0x74579ddbda824de42572b02ea6f05136f5d191e3
1000,2025-06-30,0x5bf9eafdfd404c85eb549b65537948f92fe2dda7,0x5bf987d10e7572d868509d2fefedc8c2438fdda7
149.22,2025-06-28,0x376f1228d6c715438215fa26ae0d87fb81130d49,0x376fbb229cb19270bc05bffdfcabe883af8e0d49
500,2025-06-28,0xa054e87b66da414348c86e4b755fce43bda19254,0xa0544173b50dc62c111afb37d0f08f1072b89254
100,2025-06-28,0x089c95236ee463961a6b43958b2809384cda0b9e,0x089ccaa317c987aa3fdbb00d5b82bfa535970b9e
234.41,2025-06-28,0xe8f58bb07d8a0b0baa2882b5dbc0966659bbbac1,0xe8f5b29c6278c489c387cc88cb18833e1b1abac1
219.46,2025-06-28,0x5495021c864258e427ff7f9ce72b7af907a96678,0x5495df6520d2480b16cfb7f71bb977cc3ce26678
850,2025-06-27,0x6d25f9577d96d13f9a355764fb1a7541116c736f,0x6d25807435d6e5635b53dd4d39954b2e3754736f
30,2025-06-27,0x385a8915a637f94831597f92d270d7f3801fd515,0x385a8c64c8f7eb7ce4facd544870f5d5c973d515
50,2025-06-27,0x9953759a6bb16a0df0e57db4ae654fe95a07f3f8,0x9953689b37151570303135acd124b61b4812f3f8
100,2025-06-26,0xf25778c7537ad43ebc5ecfdc114e48fbb65275f9,0xf2586859cb73dc0b9061f626df35da85af5275f9
1000,2025-06-26,0x371138c0ec265004f6866bc26e193947ebcb1a08,0x37166d42aa632fb32631d1bd66e9e0891acb1a08
199000,2025-06-26,0x12ef31cf2f441c5b48a7d99a8ff69e7e786f4e8d,0x12ea80238c7d805d003ce793594e92d84a6f4e8d
220,2025-06-23,0xef47527e771f6ae7b713d94ccad1a0704453ab4d,0xef478e972fcaf1f0e82693f0e5e95c336004ab4d
100,2025-06-23,0xd662fbe5fe29100ae0b15abe60ddcd84911e137c,0xd66245cf08975235a3d2a42bec1996b211df137c
1000,2025-06-23,0xd662fbe5fe29100ae0b15abe60ddcd84911e137c,0xd66245cf08975235a3d2a42bec1996b211df137c
200,2025-06-21,0x1a02901fc8880644694d709517d85cf5c25a4bda,0x1a02aac57474be6f5b638db94b6ee949f4d44bda
5000,2025-06-19,0x4d10b5c6c0b8d7848327cf1705b9b89be237be50,0x4d10002bf88259a42476d5d94edfbabb281ebe50
85.42,2025-06-18,0xb1584590022674e6b024207fcc7c2bcb1e146481,0xb158134d53f458d99e6e408257d9854654876481
1117,2025-06-18,0x7fe48976dd3d4dc25037a050e35dc3855bb12eab,0x7fe489a41c8f3f8341e806ccd4fff89a3ab32eab
2285.88,2025-06-18,0x55720f19638f34c910f872cab9687fa474725a9d,0x5572f285ccf580cae79e4dc35518b57a63045a9d
97,2025-06-16,0x0012ce66ac6e18a525783508aefe9b97d3df3db4,0x00126e1aceca851051e0f63b9543fee3e1433db4
10000.02,2025-06-15,0x8ac2c5609608906f3a86c25956612917c71c20c4,0x8ac2e9ceb83ce578b77d35dcb772f1b48c3a20c4
100000,2025-06-15,0x250194b6e0f9a3404c9f100c7c29d1721c8b7334,0x25015494a073e054bec5c22ac9142ac5f20d7334
20000,2025-06-15,0xffd014ae5621f89149eaa80d13d4e90b56e4f7ef,0xffd0c330b4e707f4f1f9f872c432c62263d4f7ef
750,2025-06-14,0x2467709be817a0daf804127c424e121a4cbf3f76,0x24677d1207fb5e2987511d55219290f7bb0f3f76
292.01,2025-06-12,0x598d5d8c2c7eec6ea5b0b06f85fa2d483d963d5d,0x598d7af3303ae51392b64db49a10c8bbc8463d5d
30,2025-06-12,0x18def3e75646fd0f9b944600545eba6e8f1ea3e0,0x18def0d535fcdbfe4e7cbc7acc4bef9ff9cda3e0
75,2025-06-11,0x1a022fab6444c8cf2b01fba31831c442ed644bda,0x1a02aac57474be6f5b638db94b6ee949f4d44bda
54,2025-06-11,0x00f4bc042ccea914ddbf08ea56ea8d9ea6f4148e,0x00f43072d4c31befc6a0d4ae8692ad1d90f4148e
100,2025-06-10,0xdf7db3df4c5bf2d309b80bae4f72a87a4bd0ada7,0xdf7d142d13892b8615d0876b6abd0970af2bada7
49.99,2025-06-10,0xf3294c92351c32fc42c6c9fa22495d452261ac0f,0xf3290e69f746b5198cd5ab375c0cba8047faac0f
12069.81,2025-06-09,0x4986e68b155c2a0334d0949f5ca003cf9a059eb9,0x49865346365611c9740e3275c29371d995cf9eb9
99.95,2025-06-09,0x42d651f2234b2c89f22c45a79cb9b23464859782,0x42d6508b982a5a72cff73fd09e8d40b5ea4b9782
173,2025-06-09,0xbce45f7f92781b55ae3837e393eb63028627be7e,0xbce46edda882d4f85eb4d54490b600ed1167be7e
900,2025-06-08,0x3d5b9a4aa91c3ddea888acfc171298f4b8d26864,0x3d5b98398b5a45530896290f528fc41a87d66864
60,2025-06-07,0xe14749732e89b2c77490f2e4aca7185fd1c31edc,0xe147358082d7beee066997a5ebf9039decf71edc
1500,2025-06-06,0xf976a4c93bd9787dbaf00008412a84c318120eb7,0xf97685a585018b20e07d376100b0365dd4df0eb7
200,2025-06-06,0x3ab96a70872ca2ff31853805fbaa44c851a1511c,0x3ab94ce9dd56c717e90d5aea52e45aa56e11511c
10000,2025-06-06,0xef5e6437a1f5e80d0e24fa43a1b677cce83ae443,0xef5ee754e230dc4ab414176929d5e794cd85e443
55000,2025-06-06,0x2120b47eaf7bb01318fab99d52182e90133c737d,0x2120d21cf09ed83535652ada30f541918912737d
200,2025-06-01,0x22196e25ba0d7712236c94826b228a4f2c2e30c1,0x22190943c719bdd0ee3b853651541c81b81030c1
17,2025-05-31,0x8bc404a32bee6ba602a0e32c0fbf8d913e47496f,0x8bc4c7a073ee183052caba54230edeb1ee87496f
11545.82,2025-05-31,0xc679528d22658a010ae639eecefdfb154bc3dcd4,0xc678af73d52d6d3ffb43f16126d78e6b06c3dcd4
6996.21,2025-05-31,0xa9d437c334613b055a96a1d02ce676eb0e7e5eef,0xa9d076b686c8a4c20ba4145c8fdf6f371f7e5eef
4000,2025-05-29,0xf3e97cc1f088a6675a3a3bb4412be8603dc96899,0xf3e9b0b0be9df4e24a808a7fa24b57609a696899
65777,2025-05-28,0x6051318eb272e56289bee446da5ef2497e6b58a6,0x605137c85dbe9b1daba4e3320a0a17331a6758a6
680,2025-05-28,0x3c84793eb9d0dee9c52890258e579115e7c4842c,0x3c844b62c9417b50d9b9f4be773b0a64701f842c
1244.73,2025-05-27,0x51d0ad65280907a74fe34732a8e368a522b94eea,0x51d07dd676a6db2920e41f4d158813ecc8164eea
130,2025-05-27,0xe82d3839bdcfd5dd3e700720737ae45c563c2948,0xe82dfd1d91657f17ff1cd463de07a18379c92948
1000,2025-05-26,0x01f220f5917bfff3c81524403881c0200b51ccf8,0x01f2f68aacb10034b62da6ad7eeb37ced7d1ccf8
345.83,2025-05-26,0x4c82637ae025d337aab32f1173be0df18cec9199,0x4c8285e612ef121e87d3908e0aa36923f7349199
300,2025-05-26,0x99836c0bc1f9ab3f0781770d055473a97e33e7ad,0x998323e03069a930048d688f7af537546a1de7ad
1754893.46,2025-05-25,0x4668ee748c88da4fec595773b22f96f366ed6b76,0x4668d1fe87444a4d7508e83c89bfdaf1117e6b76
843166.84,2025-05-25,0x4668ee748c88da4fec595773b22f96f366ed6b76,0x4668d1fe87444a4d7508e83c89bfdaf1117e6b76
50000,2025-05-24,0x0014f7176ce02a0fb3d3af5c16ca339b7ddae1a5,0x00149dd059d290c95831a30fcadb528bacd3e1a5
100,2025-05-23,0xcacd0e40d12f062dac783d50ca0cb3608e4d8937,0xcacd281d93071ef0f72d4d7c526d9ffeb5508937
9000,2025-05-21,0x52adb84bf4b62c81852d038d30e94f010a1a550f,0x52adbfbd505bb9753d22ba84bebf9ee696c7550f
30000,2025-05-21,0x9fb9e2e6a169cf7830f4983695a4200481ef1e37,0x9fb9aa3d76df86f76fb471f1e7bbbc4725211e37
500,2025-05-21,0xf7e088945651d731b436c90d3db233cec81c1308,0xf7e0a3d9124c59b790b8011343d1dc4314c41308
500,2025-05-21,0x2788d67a8816bab6038850dd8dc225b650e18c4a,0x2788b5c8a5e0e7d2c8f61201904cbb1dbf508c4a
5000.01,2025-05-19,0x416524b3b51c870fc4a6fdc5c1ffc9f8f8739d40,0x41657245def08304ff3a7b5b8b4622c25f799d40
10,2025-05-18,0xd83edcf28bd31e14ba5148b9f2c861af7582caa2,0xd83ed0c7d475ac2888da9adac1b8ba9a61adcaa2
1000,2025-05-18,0xd83edcf28bd31e14ba5148b9f2c861af7582caa2,0xd83ed0c7d475ac2888da9adac1b8ba9a61adcaa2
2234,2025-05-17,0xd0a471170d3d8d1ce819214e6cd0261e7fffb1f6,0xd0a4858f38837f73c4cb254970ef0e620f98b1f6
100,2025-05-17,0x27f8da84c161559357194d344d9302fc70e4c49a,0x27f8293452feb833a3024fccdaa10805d191c49a
3000,2025-05-17,0x832c4df35cc5f8a4eb71b8d5034899d4d66c1572,0x832c52300c7424a07f6ca6b279a0cc43b4301572
3000,2025-05-17,0x832c4df35cc5f8a4eb71b8d5034899d4d66c1572,0x832c52300c7424a07f6ca6b279a0cc43b4301572
54,2025-05-17,0x62ce77d6b0a23be706e5920812f8a38911a67439,0x62cebb2016e1c17f637527419e62906d420a7439
234900.02,2025-05-16,0x0b10bf7ddeeb238a8f1deaa16b4ae94c4621958d,0x0b1e83db3ed4f13080dfab27bfc10b3e0321958d
100,2025-05-16,0x3ece4a11adcede517006da9d9c5ee0df09826095,0x3ecebd08c1b3a2c49db8654e523e07f176116095
604431.53,2025-05-10,0x97d55eb63f022d62ac2e0a1ad1b315f52579eb64,0x97d91a314115125fcc01743c1b848e645479eb64
200,2025-05-09,0x188a1ab73f19912b5f142d5b0e0b2e6ff59f82be,0x188a698f00da4bcdb672adeda5d7cc45706782be
1800,2025-05-08,0x882fb5762c311d33f85c4d37392aa02a2c742878,0x882f269fbc1f200939dba7b29a009086daa22878
1450,2025-05-08,0x99f455345ef284349a24045006b3b1324840d9e4,0x99f4bdc14620ec58f3223128195194c1d1a5d9e4
8664,2025-05-08,0x1e7dc2f13ea42a211b578a9b262b1a2416cdb3fa,0x1e798a3298970553b6bae41bb45851e7a3cdb3fa
19496.21,2025-05-07,0x744514c7a031563048a33696be6f75a2ea69ec4a,0x744548aa541a02826d8d708081e2b34703e3ec4a
200,2025-05-07,0xfb1ce51d73f359efdec357947819ddc61fc90147,0xfb1c03b153f9e667ce698346aa1ee38bcc2a0147
1001,2025-05-06,0x9099f76059887a501568bb646faff940f453a5c7,0x90991d5d835e0ac502ee38cf03593ded5b2ca5c7
1000,2025-05-05,0x340f1697f276b2e35bcaa8696eb54503e3e43823,0x340f6ef78909d41e8f2c1e85fa20cba61b4a3823
300,2025-05-04,0x2428238ec838700da914e7db49dc9929da6df157,0x2428cea23610401635362d75036f993651dcf157
1222,2025-05-04,0x7708adaf767c6cf7a133a8fd0deaec16138888b0,0x770bbc27f0e000e1b14dbad81b7e2d5bf9e388b0
15000,2025-05-04,0xa69e68a7fd7f9c1ea750fd99c83ca7bf165144ac,0xa69e7ad20f1e058011c1d31da155fec2854a44ac
20,2025-05-03,0xf3bc1afd8e147ea08f3fddedf4f85976ba40f6c6,0xf3bc59ff9a948ce901303fe960e4efd8f660f6c6
10000,2025-05-03,0x961c12e6f99556ef77d298d359a20116c1f9a021,0x961c66d563e6a5abbda0ab380b683d1653cda021
50,2025-05-03,0xf3bc1afd8e147ea08f3fddedf4f85976ba40f6c6,0xf3bc59ff9a948ce901303fe960e4efd8f660f6c6
90,2025-05-03,0xf3bc1afd8e147ea08f3fddedf4f85976ba40f6c6,0xf3bc59ff9a948ce901303fe960e4efd8f660f6c6
95.11,2025-05-03,0xf75acc0a0410f6037f72cddf7d0dad8be8b5f444,0xf75a930fc2716148a198d6cb74dcdfdc0471f444
499.78,2025-05-03,0x22b581146d8a2caf1e089f1bde01dfe8501e94e5,0x22b5a9f0e438665a0461f0301d1d53eb1e9094e5
90000,2025-05-02,0x8b9da2bdde4b18d0d9c7cb162fd6b481a60283f6,0x8b9d99cc6997973a450aa5269bb2cd3672b283f6
50,2025-05-02,0x70d7d8646345a1ddeccc6d5a934db32e12ae8e20,0x70d74fbb9a5057273bb5a0dc8b9c018de2e48e20
49.99,2025-05-01,0x4284ee20c5e3336b4489ae47ca0d5e5820a70e45,0x42848dc540392f912dceb7a87b7932e709ff0e45
1000,2025-05-01,0xa5d172b8202aaebab5f1b9f466ae34de3edbd267,0xa5d1c8d6bfac7cb35aad7597e2fdd6b2bb3bd267
31378.01,2025-05-01,0xeb10e97132552904b3f50aee467db190d7b1322d,0xeb10813285dcd470388c78688fdc096a0db4322d
105,2025-04-30,0x166b729280f4cb65c9b0776574dd70c981d81808,0x166b6bd46b8645d0116ac2f1ead6b444d3561808
33,2025-04-30,0xdd5786a648b18600419da3068c9c515c08ece4ba,0xdd574e9569d6d13ee2d419cabefd90fb93d3e4ba
99.96,2025-04-30,0x7cd1b46d8ab7d2476b411e8330084f3d1f090720,0x7cd1b88e99d6eba551054daab932fe172bd20720
600,2025-04-29,0x5a2b453ec6436067d752bb4c7227da3fea0d4caf,0x5a2b2ea1c58e80344d66dd3d67740504dac94caf
499,2025-04-29,0x57a2e09a40b839520979d777ba11217eaa0bbcca,0x57a2c8fe37c5f9c970212cc51916efd8204bbcca
21.98,2025-04-29,0x373ad639d1333faeca49b6f3c2f1f756831c4d16,0x373a28d0cfb1e9dee7ef91b02dbfeb03e2644d16
50,2025-04-29,0x9f9442db24c927026dbe89d2a435b0d5c5896700,0x9f949b69a5753bfddc1edfebb7b0335f97a76700
4000,2025-04-28,0x46608c148fcd1a5526f37622f01bbfa57e62ba0b,0x46601b06617e8b0b039c796b482c152e2f3eba0b
1814,2025-04-28,0x9ebc1d2d854373a66a1ad408f524b710e211dc23,0x9ebccf41d301e42f5e93fff0f2df73bdfbbadc23
1001,2025-04-27,0x0e31d6e5db1a800c03e7205a8313e431d85ebd2c,0x0e318c1e73276b4907faa7d4c310eab15601bd2c
114.02,2025-04-27,0xc4c0c7c4d358198db491bc7b09eba7eca0af68a4,0xc4c0f7ad84a8139fb81ae9b681b5011bf83068a4
499.73,2025-04-26,0x1f81700a802c1a7ae1cf7dcfccd3d362973b8b70,0x1f818f26bc5ea7a0b2a9ff7954e9b5c00bc08b70
10000,2025-04-26,0x8a5dbfbd7848a220515f4e54b796efdb2bc4021f,0x8a5de2f8f91e2967c1037c83fe80f5b53861021f
199.9,2025-04-26,0x1f81700a802c1a7ae1cf7dcfccd3d362973b8b70,0x1f818f26bc5ea7a0b2a9ff7954e9b5c00bc08b70
299.87,2025-04-26,0xbc70567478504753e70b03aa9ea1b93af98352ff,0xbc705a1b08770eb9b0650bbc9d9e1be637a752ff
249.99,2025-04-25,0xc4c0c7c4d358198db491bc7b09eba7eca0af68a4,0xc4c0f7ad84a8139fb81ae9b681b5011bf83068a4
467175.49,2025-04-25,0x0c584d5db3db70d172f067d5a55a0b324c71dd7a,0x0c58d5f3834c8eb5af8b32ddd78ffa36e571dd7a
34.98,2025-04-25,0x7434e5aad7034104e724d95cc316ab95736476dc,0x7434fe927c8950471fdd1356672d30b7c72c76dc
84.9,2025-04-24,0xbe0c0fafed3724f5dc78fc718b16c321abadd4de,0xbe0c4233ad5a15559c9bcf6880bb603454dad4de
17040,2025-04-23,0x9003c1102a9b711fe7a48f59e789c2977a0faf53,0x900314affa22f9a506e3dfd081b0c2b6e299af53
1098.73,2025-04-22,0x69ff762d1d89e08d05b35d9b15149c1bb75d4609,0x69ff5645e52b2640399b7236bdb5afbd14bc4609
1150,2025-04-21,0xbbbec3a089fdbb405021b48a92ec1ad6dc55750a,0xbbbe2b408cbbc1720e9c97f58a1dcd06f049750a
1000,2025-04-21,0x150b53403a64c7657ad929d0275efdf42843b53d,0x1506440b0b8b796eac6a51db77eb3a806f43b53d
699990,2025-04-19,0x2c1134a046c659fc9c3dfb663061e3e6c7989c0b,0x2c11a3a5f725a21024dc5467f69eb649b1cd9c0b
1992.03,2025-04-18,0x0727289d0ef10a5a661a19b4778179c69c843025,0x0727eb43fdaf6c41ea7de130c00b892a8f673025
20,2025-04-18,0x8bd4293dc2867fcc7a914249397aac66fa99b416,0x8bd4a8d169b6db5f07a461c9a1e01f744ef2b416
2500.01,2025-04-17,0x19e5ed7b9d052896cff43abc0250d8f5152c3789,0x19e51645f5cf9e8b7ceb5c245003988b29603789
150,2025-04-15,0x3f6f2b79e9c908a4b990f57ee50b8b9e56a295d5,0x3f6fe4b29167799a1d72ec2c0e858ac83c0c95d5
150000,2025-04-11,0x1873186d2ade200480ca14336959b64968fdba7d,0x1873b5aec54d37f39f0df9b6a567cc57d15dba7d
24000,2025-04-10,0x20b51fbc58c91a13e44551307912da7370beb0b1,0x20b5c3a221af574a619539969e8412b62b5eb0b1
420,2025-04-10,0x2e97da03b6234de8736857bd92656a7bca4f64a7,0x2e950a5beca5a5b83abd8ba7d0142064164f64a7
12.7,2025-04-09,0xbc11c08f21b5e7d23e372b7a756a110db39cab00,0xbc117b23e92f3db576cfde0bf3d0ea79a3fcab00
189.17,2025-04-09,0xbc11c08f21b5e7d23e372b7a756a110db39cab00,0xbc117b23e92f3db576cfde0bf3d0ea79a3fcab00
2500,2025-04-08,0x33dda61652d04f4dad45f0dcce20996a2bca0f74,0x33dd2f2a1f1f5ddb7d52b815f32ffcf52aea0f74
100.03,2025-04-08,0x1fe4108d89c3f9278046409295f0c78fb3d8c170,0x1fe4c7e666019cccd33234efe7b3a8e99167c170
196,2025-04-08,0xd7bfd84b16182b1e7961bbbe605957b517acb705,0xd7bfe894aab47c4fe7d8f323f5d29f52c602b705
18400,2025-04-07,0xe5ea28c5bd3d362275309afb2bdec09c8ac1cd25,0xe5ea03f321254aba08291e23dc8c51f99621cd25
7234.48,2025-04-07,0x99ae04ab307e86df0034931f81d9545bf07b4d52,0x99ae10992d2807b855e455b6ec3a88703ec14d52
20000,2025-04-07,0x97a7a345ec4de87078d6b1fb69fb5fb9ffda7a46,0x97a7e7d23cf727daf834cd81ea7d5073fdf37a46
684.24,2025-04-06,0x8debdf179247d624d507d87a432dd173d17e924f,0x8deb7e6992d961949af32248f8239cfd33f0924f
100.04,2025-04-06,0x214957709c9c572e4a94eaa7d521b98f33f93ef3,0x21490f5803c78d5719023da4de2c4758db5d3ef3
4500,2025-04-05,0xb2706298e3a2a79c80e97359c656a9f012eb5736,0xb2706bdfd46589b765bd52f10801dae852915736
15,2025-04-04,0x59a57219a38db128104cfc36f2c2ff672a4f7cba,0x59a53c2f890e3cfb070fcd5b7faa74206ce77cba
5000,2025-04-03,0x135b698919762f911095232978e605345aa07faf,0x135ba1569074c60a7c7eafab6fedc08d22707faf
1500,2025-04-02,0xfe5e2f937a08a913f0dd0eaa94c2bff335305b85,0xfe5eb036e2dc3a78622ad93ddfb8dee830f85b85
2558.01,2025-04-02,0x469aafa7ad9a6fdff2997ad30e60bfa4ac4aa08d,0x469ab5edc9355c0868f31b85be70bbaba354a08d
100,2025-04-02,0xdab5ac313f16d2bf55d7f38af8364c6bf34be72c,0xdab5b2be787e7140a1ba0b06eb2244a6be3be72c
510294.36,2025-03-31,0x4049ebf479fa49924e120490d119f0827caa9aec,0x40491fe2ba81621475c894ebe8bcad56c7da9aec
5425,2025-03-30,0x3411eb013203090792b7bc1f99c3c6cf2cfd113f,0x3411f63c3555bdb27012d5b48a729e89099a113f
150,2025-03-30,0xc7ace463ceaad198d9c17f03ec899fe3fe1ef9bd,0xc7ac895afabf8cb2812913908f4e8edc1c1cf9bd
50.02,2025-03-30,0x15e9b2cc81c59af040edb3bb28c5272d1e75259a,0x15e9bd3eb2fd014ad24e31e1e1cf7d1d4072259a
120,2025-03-29,0xc7ace463ceaad198d9c17f03ec899fe3fe1ef9bd,0xc7ac895afabf8cb2812913908f4e8edc1c1cf9bd
5001,2025-03-28,0x17ab79ab7a97b28fad8c68abc789eca10376e677,0x17ab7dc65f62c0230f766a0188427730a5b8e677
3985.04,2025-03-28,0x27f264828598c35b85ac8d95af2901a4c38514a7,0x27f2ac5ce3bdd09973f7e7a44c630e133b2514a7
100,2025-03-28,0xa7d76bce35be8fc81ef31a584dd215c15b27d3f9,0xa7d796ca0982ab3d1d770810613899950497d3f9
1100,2025-03-28,0xa7d76bce35be8fc81ef31a584dd215c15b27d3f9,0xa7d796ca0982ab3d1d770810613899950497d3f9
26.99,2025-03-27,0x0a540d87943cf8d2b2c3184c20ab2df77a45ea69,0x0a54355fa1f36615088b5196d8154da7a27eea69
105,2025-03-27,0xe82d1501a093617c1e615c6e4c04a9bfa92e2948,0xe82dfd1d91657f17ff1cd463de07a18379c92948
4000,2025-03-26,0xda034b9008ce8a305a2b9d70218ccea0e295d40c,0xda037f50504378eb5738b01f82085fcced25d40c
712,2025-03-25,0x8ee5b1cb69ae3226ee1c4ba3fdf2ab9c19ee673f,0x8ee59bc0235f1598aa3e5c9b44b678731391673f
2500,2025-03-25,0x9f073bd982c4377d51934e21bfc2ee0dec8570a7,0x9f0709415d7395c6137bde440ef57f31b74a70a7
250,2025-03-25,0xb178d1f4a3c71d98692ce06d6b2800a9e0d14f21,0xb1767a19e1650f01570e691ca1c30bddd0d14f21
215,2025-03-24,0xa60447a64aa58bdf0ccf4638f0afb0e0d6ba52dc,0xa604bac2a84feaf28f21ecfeb9490864677152dc
100,2025-03-24,0x848516f9459d43eebbf4a8cdcb7750c2707be211,0x8485cea8250567ff2458371332b2518afa8be211
100.04,2025-03-23,0x7bfd0797857389c35111eea879e3b8dac3d3d252,0x7bfd3a1a72c02173be2d85b5fd1dd16f221ad252
1000,2025-03-23,0xb4d7679f46ebef9dbda1254e32d5d5692af202c6,0xb4d76e495e9dcbf868a39a0d3eace1aa404202c6
99.99,2025-03-23,0x88393349d2efab9efc6b267328750ad1abb8fe79,0x8839b01350aeaaa7362e9814c58bd62c9f84fe79
500,2025-03-23,0x3a1527bad177a1c333033ec6b7fab4bf3b8f4991,0x3a1522f1784365b6ab62cebd849a3d8625704991
999.8,2025-03-23,0x88393349d2efab9efc6b267328750ad1abb8fe79,0x8839b01350aeaaa7362e9814c58bd62c9f84fe79
227,2025-03-23,0x5cc57f19c8aea18bbfe95d6a3a449db603ff09a0,0x5cc57ff1473dd95f0dec4d08b40e12915e1f09a0
1000,2025-03-22,0x3c1756b3b237db0af8bfbadd3b0641d2223c3130,0x3c1727c283370e476a63768c7cab843b8bd63130
50,2025-03-21,0x7457afd868d91a2be25328ba1270d852d6e691e3,0x74579ddbda824de42572b02ea6f05136f5d191e3
8800,2025-03-21,0x5bfc0ad3fb7b9111565cd6a5040fbd98a864e3af,0x5bfc0eba3c291b9d4bcb33f806fa37bd86a4e3af
1700,2025-03-20,0x6e86cf9c425a5b9c828bd595041f5d49ef8a69ed,0x6e86a5f06bad0dcfa4e6c30e4da7153ffd5a69ed
196,2025-03-20,0xa60447a64aa58bdf0ccf4638f0afb0e0d6ba52dc,0xa604bac2a84feaf28f21ecfeb9490864677152dc
10000,2025-03-20,0x6d9fcdf5508997f2ca7a62f5a423e6e31347bb83,0x6d90c8d06bd03bcc893172adc1f67091e977bb83
304091.31,2025-03-20,0xb20ababe8f57473cac896195517d55c12330c529,0xb20a8a5dec6b8e45e988f389199040747ebdc529
10000,2025-03-19,0x5c09f77d343ea1effc60cf6a8f08a7d475bacad9,0x5c09c9572b967bf9076fb510a06afdc0e326cad9
100,2025-03-18,0x1865b1c7b18c46f4379cd14fe7dfd07b50e0667d,0x18651e911de5f62631fdab73c572c9584526667d
2000,2025-03-17,0xae917e11df6891be74c63042d787d4f956176ceb,0xae9181c8bd9f7138adf0d87ae6122d567d576ceb
103100,2025-03-17,0x325f8f1f7abf037430f24c649cf7f7ca0e5771f4,0x325f21707448c72cbaf4828e01b266c2e65271f4
43674.5,2025-03-17,0x4aad6a0fcba1d31aab764f39e0404c48a87749a5,0x4aad75e0aa6f63ca2d37086ddc815725711749a5
200,2025-03-17,0xe009d4d88f811233f445726bd9cb47a0e2968b2c,0xe009dc89d9b4d784f953cdd68ef7e14254538b2c
78.43,2025-03-16,0xa68fdefeb9ad6474de17ec74f10c5134f19b0f31,0xa68ffcff5ee24cfe68845d33056b5087e8cb0f31
500,2025-03-16,0x256851de3c7948368efde00c1dd617124f1c6656,0x2568083eeedfb87a09cf6f356e215f2381826656
10.48,2025-03-15,0x1d06e3bf99b93384a747c178ff271f341a9fe82f,0x1d0600aeba6bc6edd90715c6909dae4548c7e82f
500,2025-03-15,0xa0ffb7a37fd22ca0b36c6297dac2308a2b8f78a8,0xa0ff8c9a5ee2596a97fd1bcb323e0be4a6af78a8
2001,2025-03-15,0x870fe52fd6da0d6107bca5fae69cad018b7f6264,0x870f044280180e32d2d3a27b902ba8cc0e4f6264
7000,2025-03-15,0x5c9ecdc1162d69d6514501801fff82d01dac23ed,0x5c9eb19bf137dcec5b7d461062603b338c7c23ed
99,2025-03-15,0x29976dcbce1025c257623da19c39dbfa0cc974d8,0x2997bfba7f98fe30790e84a383417732d20a74d8
25,2025-03-14,0xc307768076a7784c0b1700515115c0699176ee53,0xc3075a941b590895cee1bafb8387826990edee53
20249.89,2025-03-14,0x150414987203934907af1d281e7f04dd027b876b,0x15042264c733d3dc0d715c02b55890d72aea876b
70,2025-03-14,0x0bfe23c785d8a2d4acd0f04560ac56eff5443de8,0x0bfeaacb2330d31367e8dbd3cc99b5d968633de8
14527.78,2025-03-14,0x114b091b7adfde501c6ec878fc5662f2210b7c8b,0x114b5abab4d5bc890b491e3065c70925e0db7c8b
500,2025-03-14,0x3a15483b670e49141ba3da611e39768d51764991,0x3a1522f1784365b6ab62cebd849a3d8625704991
10285,2025-03-11,0x4f1dff63e3fc95326c855e66e914c4b0e5469a4b,0x4f1daf4d2502c724bfe6f846f0d781010e969a4b
9900,2025-03-11,0x4f1dff63e3fc95326c855e66e914c4b0e5469a4b,0x4f1daf4d2502c724bfe6f846f0d781010e969a4b
80,2025-03-11,0x308ddd4712a98f4b8e0d8d3cb89778a51588897b,0x308d65df12cd01bd35ccc481fef2310011d9897b
1465,2025-03-10,0x330b4a71f16421874a8f920168d60182f3336be7,0x330bfe8e0d9abcaebda6c677e4f7bc857c246be7
49989,2025-03-06,0x00a4a6f197d318b198e80ddaac6edd743dd7d12e,0x00a44d0ddaf3e25b89f2be9ce0dfbf867c03d12e
36990,2025-03-06,0x9c53b361fa7b95066305983a9ba87a89db4dc944,0x9c53197aeb65ed60c10ba71dd939afd6c527c944
49989.73,2025-03-05,0xfd0b34902cee925f6e4aaf38c5c5c8da862ab037,0xfd0b92942ad3f46865a3d9f8bbf6d458cb11b037
1000,2025-03-05,0x44460fb9bd4bc79ddbd90cf241ab83e6df76a87c,0x4446913c514da5cb73176387ff62b6c48f6fa87c
100,2025-03-03,0x3c0cc14084fd58f388efbfcfaa824fbff73523f1,0x3c0cf4584c918b413edb2de2a7d71ff1d75a23f1
59500,2025-03-03,0x60554be5fcc8c986e0614b1c6ad72bf6e1be5c6e,0x6055c125cf130bde4816681bdd80eb6bd23e5c6e
25,2025-03-03,0x57a0ad5e01370670b54e8ba6b38ae3f0f064d94b,0x57a05d8140bbf9a5f523d21dfe2212744d90d94b
28841.6,2025-02-28,0x93cdd5aeada8b54d35f1c713755424fa83ef542d,0x93cd0645c4b5a680df97cd48023d7e69c75f542d
26800,2025-02-28,0xa8e00ef199c257a34b574ab776a9928e47e94dcf,0xa8e7734a04da7e4156fd2d5928535cdc76e94dcf
4996,2025-02-28,0x021a3762f75794fa6ed7445156719c4e898e8352,0x021a1ffa8dcd002a023d8b71faf5cece1a2e8352
2000,2025-02-27,0xf873f845c31404d57ed22e493289f789cbd69551,0xf873887fc968fa082f255dc2bfb1daf9955b9551
60000,2025-02-26,0xaa8057245a5ba8d170bb019edeb1394ac13fd227,0xaa80f3dae776412ca5f37cac9cd325b11063d227
44733.56,2025-02-26,0xaa8057245a5ba8d170bb019edeb1394ac13fd227,0xaa80f3dae776412ca5f37cac9cd325b11063d227
21234.65,2025-02-25,0x41cd6ee9777b2e22e6ced5f77d138be023ced056,0x41cdf89dddd8d236c2407820740872ffe2a4d056
600,2025-02-25,0x593fd6446d87c0cad63144398880f01c7cd30a35,0x593fa1cbc9942089f85e12c61b7ca8c0dfb30a35
74905,2025-02-25,0x8334c42c8292b7a0667736f5a7f6ae0af2a8788c,0x83349c05b653af84b00171565212bb470006788c
1000,2025-02-20,0xc3ba3c603a7eaaf20a478fca19f7542b32661fce,0xc3ba3d8b8802ce4f60787889fa15261a1de31fce
10310,2025-02-20,0xe1d3941946128e7673aaa8be3ac33d57b46f881c,0xe1d3ad2860378deb2843d0c7664fb73dafc0881c
68194,2025-02-19,0x5f0ed48513fe67e9762e9423ff2f5504957e3de0,0x5f0e0138cb8cfc75cc46b16e5cd73682d7c53de0
1600,2025-02-10,0x7facb51b25d02c8baa4f12e306b37fa4e680a9e0,0x7fac850a167b52f7c7c0c26d6ca4d9b872e7a9e0
5000,2025-02-07,0x7ca97c218e52c8bd19e6530bffb10399761e39a0,0x7ca9ef35ded33372e95be9545480b6153b3b39a0
25332.69,2025-02-05,0x662b1bb609c6c3a99145ed0134f617da3955a311,0x662baccf9a4376a5603653ed4be3e6528d25a311
45000,2025-01-30,0x7285d4581d5a58afb55212905b76daa6d556f49d,0x72853a56bc9f6eeb80db9d441d2ae286d756f49d
20,2025-01-30,0x7285d4581d5a58afb55212905b76daa6d556f49d,0x72853a56bc9f6eeb80db9d441d2ae286d756f49d
400.51,2025-01-30,0xa67be70b58c44564dc1972df81815df23c3cf849,0xa67b58cfdd2a124e83b1f8bac080d39d7b1cf849
800,2025-01-30,0x6c45eadbcf6157f955f5a929a7d428e243123049,0x6c450a64af1fa19670fd65db26905e4a53a63049
375,2025-01-26,0x7ed0b1e00b224ab85b4bbe91372feeab155db218,0x7edbcf092f11ec21530051eaa95b07f2f45db218
1000,2025-01-26,0x9ff72940637c61cb8da364cf3b1c23f1db60bbc4,0x9ff7db79ec8619826e120a22a8ff9f002191bbc4
494.84,2025-01-23,0x8debcfb1ffefdfd47b24e853d134a3623bdfde53,0x8debbceffec238eeb7892d0c24c15b4a5c2fde53
57680.24,2025-01-17,0x51959c197ee7722673998e7227d5fafea35a80d9,0x519520a025b109567d446e898471d88d885d80d9
1000,2025-01-17,0x0bb224ec7f13090407ef25cf53abc5ff7ee31226,0x0bb28f9d0f58696d9010414f74767fa109a31226